,City,Country,Date,Lat,Long,Max Temp,Min Temp,Humidity,Wind Speed,Cloudiness
0,portland,US,1562359262.0,43.66,-70.25,91.99,75.0,48.0,13.87,75.0
1,mataura,NZ,1562359263.0,-46.19,168.86,44.01,44.01,91.0,1.01,60.0
2,mahebourg,MU,1562359264.0,-20.41,57.7,71.6,66.99,68.0,6.93,40.0
3,iqaluit,CA,1562359265.0,63.75,-68.52,41.0,41.0,100.0,10.29,90.0
4,hermanus,ZA,1562359266.0,-34.42,19.24,52.0,52.0,91.0,4.0,15.0
5,rikitea,PF,1562359267.0,-23.12,-134.97,68.45,68.45,70.0,26.02,100.0
6,albany,US,1562359017.0,42.65,-73.75,91.4,82.0,31.0,6.93,20.0
7,khokholskiy,,,,,,,,,
8,punta arenas,CL,1562359270.0,-53.16,-70.91,42.8,41.0,70.0,21.92,20.0
9,yerbogachen,RU,1562359271.0,61.28,108.01,59.27,59.27,95.0,5.68,96.0
10,hilo,US,1562359272.0,19.71,-155.08,84.2,78.01,62.0,9.17,1.0
11,thunder bay,CA,1562359273.0,48.41,-89.26,84.0,82.4,39.0,8.05,75.0
12,jamestown,AU,1562359274.0,-33.21,138.6,55.31,55.31,69.0,14.41,19.0
13,broome,GB,1562359275.0,52.47,1.45,69.8,62.01,77.0,6.93,20.0
14,hobyo,SO,1562359276.0,5.35,48.53,79.79,79.79,68.0,26.37,86.0
15,port alfred,ZA,1562359277.0,-33.59,26.89,51.01,51.01,84.0,3.0,0.0
16,chuy,UY,1562359177.0,-33.69,-53.46,47.39,47.39,71.0,21.41,59.0
17,grand river south east,,,,,,,,,
18,atuona,PF,1562359280.0,-9.8,-139.03,81.23,81.23,79.0,19.73,11.0
19,codrington,AU,1562359281.0,-28.95,153.24,62.6,57.2,93.0,5.82,75.0
20,taolanaro,,,,,,,,,
21,shingu,JP,1562359283.0,33.72,135.99,65.21,65.21,98.0,3.33,100.0
22,puerto ayora,EC,1562359284.0,-0.74,-90.35,78.8,73.0,65.0,19.46,20.0
23,lebu,ET,1562359285.0,8.96,38.73,59.0,59.0,93.0,6.93,75.0
24,dahuk,,,,,,,,,
25,ushuaia,AR,1562359287.0,-54.81,-68.31,39.2,39.2,98.0,8.05,75.0
26,cape town,ZA,1562359139.0,-33.93,18.42,57.99,52.0,93.0,10.29,75.0
27,djambala,CG,1562359396.0,-2.55,14.76,75.11,75.11,68.0,3.24,88.0
28,gravdal,NO,1562359397.0,59.79,5.78,52.0,50.0,81.0,9.17,75.0
29,dikson,RU,1562359398.0,73.51,80.55,37.13,37.13,83.0,14.9,0.0
30,nikolskoye,RU,1562359399.0,59.7,30.79,52.0,50.0,93.0,4.47,40.0
31,gorno-altaysk,RU,1562359400.0,51.96,85.96,57.65,57.65,78.0,6.04,8.0
32,falmouth,GB,1562359401.0,50.16,-5.07,64.4,57.99,63.0,6.93,20.0
33,faanui,PF,1562359403.0,-16.48,-151.75,76.91,76.91,78.0,25.26,30.0
34,coquimbo,CL,1562359404.0,-29.95,-71.34,77.0,51.8,87.0,8.05,75.0
35,sur,OM,1562359405.0,22.57,59.53,86.45,86.45,54.0,9.35,4.0
36,bredasdorp,ZA,1562359406.0,-34.53,20.04,48.2,48.2,87.0,8.05,0.0
37,katsuura,JP,1562359407.0,33.93,134.5,73.4,71.01,83.0,6.93,75.0
38,sinazongwe,ZM,1562359408.0,-17.26,27.46,60.89,60.89,55.0,4.9,0.0
39,hithadhoo,MV,1562359408.0,-0.6,73.08,83.39,83.39,79.0,12.55,10.0
40,busselton,AU,1562359409.0,-33.64,115.35,44.01,42.01,80.0,18.86,100.0
41,rudolstadt,DE,1562359411.0,50.72,11.34,68.0,52.0,49.0,6.93,0.0
42,malanje,AO,1562359411.0,-9.54,16.35,65.75,65.75,36.0,1.99,0.0
43,raudeberg,NO,1562359415.0,61.99,5.14,55.4,48.0,62.0,4.7,75.0
44,fairbanks,US,1562359404.0,64.84,-147.72,75.0,71.01,49.0,8.05,1.0
45,muroto,JP,1562359417.0,33.37,134.14,69.35,69.35,96.0,3.4,100.0
46,belushya guba,,,,,,,,,
47,barcelos,BR,1562359419.0,-0.97,-62.93,86.09,86.09,69.0,3.02,1.0
48,batagay-alyta,RU,1562359424.0,67.8,130.41,45.05,45.05,74.0,6.49,100.0
49,illoqqortoormiut,,,,,,,,,
50,crab hill,,,,,,,,,
51,alenquer,BR,1562359430.0,-1.95,-54.74,87.8,87.8,66.0,10.29,20.0
52,marcona,,,,,,,,,
53,bluff,AU,1562359431.0,-23.58,149.07,59.81,59.81,86.0,22.15,100.0
54,rudnogorsk,RU,1562359432.0,57.27,103.75,56.39,56.39,56.0,3.04,100.0
55,ulaanbaatar,MN,1562359433.0,47.92,106.92,42.8,42.8,87.0,4.47,0.0
56,bhabua,IN,1562359434.0,25.04,83.61,89.33,89.33,55.0,6.69,38.0
57,yamada,JP,1562359435.0,36.58,137.08,73.0,71.01,83.0,11.41,75.0
58,hobart,AU,1562359436.0,-42.88,147.33,39.99,35.01,93.0,2.24,20.0
59,tumannyy,,,,,,,,,
60,muravlenko,RU,1562359438.0,63.79,74.5,63.23,63.23,89.0,4.12,81.0
61,half moon bay,US,1562359439.0,37.46,-122.43,82.0,57.99,56.0,16.11,20.0
62,coihaique,CL,1562359440.0,-45.58,-72.07,46.4,42.8,75.0,11.41,90.0
63,karasburg,NA,1562359441.0,-28.01,18.75,51.89,51.89,24.0,9.33,0.0
64,ahipara,NZ,1562359442.0,-35.17,173.16,56.75,56.75,68.0,18.32,0.0
65,butaritari,KI,1562359446.0,3.07,172.79,83.93,83.93,71.0,6.44,0.0
66,kapaa,US,1562359447.0,22.08,-159.32,82.4,82.0,74.0,4.7,40.0
67,carnarvon,ZA,1562359448.0,-30.97,22.13,45.05,45.05,42.0,4.03,0.0
68,san patricio,PY,1562359449.0,-26.98,-56.83,45.23,45.23,63.0,5.44,0.0
69,tubruq,,,,,,,,,
70,pevek,RU,1562359451.0,69.7,170.27,45.59,45.59,68.0,22.44,0.0
71,orlik,PL,1562359452.0,53.95,17.74,53.6,46.0,71.0,6.93,0.0
72,salinopolis,BR,1562359453.0,-0.61,-47.36,81.95,81.95,80.0,18.34,0.0
73,georgetown,GY,1562359235.0,6.8,-58.16,78.8,75.2,94.0,11.41,90.0
74,geraldton,CA,1562359455.0,49.72,-86.95,77.0,77.0,38.0,13.87,75.0
75,ketchikan,US,1562359456.0,55.34,-131.65,80.6,80.6,47.0,6.93,1.0
76,vestmannaeyjar,IS,1562359457.0,63.44,-20.27,55.31,55.31,70.0,4.34,0.0
77,scottsbluff,US,1562359458.0,41.87,-103.67,80.6,80.01,37.0,11.41,75.0
78,surt,LY,1562359459.0,31.21,16.59,77.63,77.63,82.0,7.83,0.0
79,buriti alegre,BR,1562359460.0,-18.14,-49.04,69.17,69.17,76.0,13.82,87.0
80,chechen-aul,RU,1562359461.0,43.2,45.79,69.8,69.8,88.0,8.95,40.0
81,shache,CN,1562359462.0,38.42,77.24,79.79,79.79,24.0,5.57,0.0
82,saldanha,PT,1562359463.0,41.42,-6.55,68.81,68.81,61.0,7.38,0.0
83,sentyabrskiy,,,,,,,,,
84,bumiayu,ID,1562359465.0,-8.01,112.64,64.67,64.67,96.0,0.85,100.0
85,porto torres,IT,1562359475.0,40.84,8.4,78.8,78.8,83.0,3.36,0.0
86,nueve de julio,AR,1562359476.0,-31.67,-68.39,51.71,51.71,42.0,7.11,0.0
87,muros,ES,1562359477.0,42.77,-9.06,66.0,62.01,77.0,6.44,75.0
88,clyde river,CA,1562359479.0,70.47,-68.59,37.4,37.4,93.0,8.05,75.0
89,komsomolskiy,RU,1562359480.0,67.55,63.78,62.51,62.51,61.0,11.56,94.0
90,saint-augustin,CA,1562359481.0,45.63,-73.98,84.99,78.01,66.0,10.29,90.0
91,tuktoyaktuk,CA,1562359482.0,69.44,-133.03,64.4,64.4,72.0,10.29,75.0
92,vaini,IN,1562359483.0,15.34,74.49,77.45,77.45,88.0,8.14,100.0
93,masuda,JP,1562359484.0,34.68,131.85,73.99,73.4,83.0,5.82,75.0
94,barrow,AR,1562359485.0,-38.31,-60.23,37.67,37.67,61.0,4.21,0.0
95,sydney,AU,1562359340.0,-33.85,151.22,54.0,46.0,100.0,8.05,75.0
96,kamen-rybolov,RU,1562359486.0,44.75,132.04,60.17,60.17,91.0,13.15,99.0
97,souillac,FR,1562359487.0,45.6,-0.6,82.4,73.0,39.0,6.93,0.0
98,zima,RU,1562359488.0,53.93,102.05,56.03,56.03,66.0,1.39,100.0
99,nouadhibou,MR,1562359489.0,20.93,-17.03,68.0,68.0,77.0,25.28,0.0
100,qaanaaq,GL,1562359490.0,77.48,-69.36,43.07,43.07,57.0,3.49,22.0
101,yining,CN,1562359491.0,29.04,114.56,70.43,70.43,97.0,1.21,18.0
102,nam tha,,,,,,,,,
103,hasaki,JP,1562359493.0,35.73,140.83,68.0,66.0,94.0,9.17,75.0
104,mocuba,MZ,1562359494.0,-16.84,36.99,59.81,59.81,94.0,1.41,0.0
105,shaunavon,CA,1562359495.0,49.65,-108.41,67.73,67.73,62.0,10.83,52.0
106,bolshoye polpino,,,,,,,,,
107,houma,CN,1562359500.0,35.63,111.36,69.53,69.53,43.0,10.22,0.0
108,bengkulu,,,,,,,,,
109,kuche,,,,,,,,,
110,lagoa,PT,1562359506.0,37.14,-8.45,68.0,66.2,88.0,13.87,0.0
111,leningradskiy,RU,1562359507.0,69.38,178.42,57.11,57.11,60.0,10.25,94.0
112,goderich,CA,1562359511.0,43.74,-81.71,89.01,81.0,59.0,8.99,86.0
113,korla,,,,,,,,,
114,nishihara,JP,1562359516.0,35.74,139.53,70.0,64.99,88.0,3.36,75.0
115,havre-saint-pierre,CA,1562359517.0,50.23,-63.6,64.4,64.4,68.0,6.93,1.0
116,tecpan,GT,1562359518.0,14.76,-90.99,78.8,72.0,39.0,13.87,20.0
117,tessalit,ML,1562359519.0,20.2,1.01,95.81,95.81,23.0,11.61,47.0
118,la canada,HN,1562359520.0,14.05,-87.19,95.0,82.0,39.0,13.87,40.0
119,novobirilyussy,RU,1562359524.0,56.95,90.69,57.47,57.47,98.0,5.48,63.0
120,dhidhdhoo,MV,1562359525.0,6.88,73.1,83.75,83.75,77.0,13.29,100.0
121,cherskiy,RU,1562359526.0,68.75,161.3,59.09,59.09,78.0,6.38,91.0
122,gornopravdinsk,RU,1562359527.0,60.06,69.92,55.85,55.85,66.0,7.05,0.0
123,najran,SA,1562359528.0,17.54,44.22,89.6,89.6,13.0,4.7,0.0
124,saskylakh,RU,1562359529.0,71.97,114.09,40.01,40.01,83.0,10.63,100.0
125,pangody,RU,1562359533.0,65.85,74.49,61.07,61.07,50.0,21.68,4.0
126,kloulklubed,PW,1562359534.0,7.04,134.26,77.0,77.0,94.0,4.7,75.0
127,achisay,,,,,,,,,
128,bethel,US,1562359536.0,60.79,-161.76,73.4,69.8,73.0,12.75,40.0
129,ostrovnoy,RU,1562359537.0,68.05,39.51,46.13,46.13,99.0,7.65,100.0
130,east london,ZA,1562359454.0,-33.02,27.91,48.83,48.83,72.0,7.76,0.0
131,adrar,DZ,1562359542.0,27.87,-0.29,104.0,104.0,10.0,6.93,0.0
132,port elizabeth,US,1562359506.0,39.31,-74.98,89.01,75.99,83.0,10.29,75.0
133,belmonte,PT,1562359484.0,40.36,-7.35,72.0,72.0,34.0,4.5,0.0
134,sisimiut,GL,1562359526.0,66.94,-53.67,41.99,41.99,79.0,10.4,100.0
135,dharchula,IN,1562359546.0,29.85,80.53,56.75,56.75,88.0,4.83,100.0
136,avarua,CK,1562359535.0,-21.21,-159.78,66.2,66.2,88.0,29.97,45.0
137,san andres,PH,1562359548.0,13.32,122.68,76.37,76.37,88.0,1.74,100.0
138,carutapera,BR,1562359549.0,-1.2,-46.02,79.61,79.61,81.0,7.72,0.0
139,tashtagol,RU,1562359550.0,52.76,87.85,55.13,55.13,96.0,3.94,25.0
140,oranjemund,ZA,1562359551.0,-28.55,16.43,55.85,55.85,92.0,15.37,0.0
141,kingsville,US,1562359552.0,27.52,-97.86,100.4,87.01,63.0,18.34,75.0
142,faya,SA,1562359553.0,18.39,42.45,77.0,73.4,53.0,1.9,0.0
143,retz,AT,1562359554.0,48.76,15.95,71.6,55.99,40.0,6.93,0.0
144,wattegama,LK,1562359555.0,7.35,80.68,73.31,73.31,87.0,3.89,100.0
145,sola,TZ,1562359556.0,-3.17,33.8,68.99,68.99,46.0,3.58,16.0
146,forio,IT,1562359557.0,40.73,13.86,82.4,77.0,83.0,3.36,5.0
147,mehamn,NO,1562359558.0,71.03,27.85,44.6,44.6,93.0,11.41,75.0
148,marawi,PH,1562359377.0,8.0,124.29,75.0,75.0,93.0,5.01,100.0
149,bathsheba,BB,1562359327.0,13.22,-59.52,86.0,86.0,66.0,20.8,20.0
150,misratah,LY,1562359561.0,32.38,15.09,79.25,79.25,77.0,9.6,0.0
151,asau,,,,,,,,,
152,thompson,CA,1562359319.0,55.74,-97.86,68.0,68.0,40.0,9.17,75.0
153,davila,PH,1562359567.0,18.47,120.58,82.49,82.49,80.0,18.72,99.0
154,arraial do cabo,BR,1562359568.0,-22.97,-42.02,69.8,68.0,83.0,12.75,75.0
155,seydi,NE,1562359569.0,13.34,7.75,83.75,83.75,56.0,19.15,63.0
156,qasigiannguit,GL,1562359570.0,68.82,-51.19,38.57,38.57,86.0,4.52,100.0
157,necochea,AR,1562359479.0,-38.55,-58.74,44.01,44.01,75.0,8.01,76.0
158,tautira,PF,1562359581.0,-17.73,-149.15,80.6,80.01,61.0,5.82,40.0
159,kavieng,PG,1562359582.0,-2.57,150.8,82.67,82.67,74.0,6.15,93.0
160,port lincoln,AU,1562359583.0,-34.72,135.86,60.17,60.17,71.0,19.48,100.0
161,lagos,NG,1562359527.0,6.46,3.39,77.0,77.0,100.0,2.24,40.0
162,meulaboh,ID,1562359585.0,4.14,96.13,81.77,81.77,81.0,9.55,100.0
163,yanan,,,,,,,,,
164,lasa,CY,1562359586.0,34.92,32.53,78.8,71.01,83.0,5.82,0.0
165,waipawa,NZ,1562359437.0,-39.94,176.59,43.0,43.0,90.0,10.38,100.0
166,kachiry,KZ,1562359588.0,53.07,76.1,65.39,65.39,55.0,7.67,0.0
167,nome,US,1562359589.0,30.04,-94.42,95.0,91.0,59.0,8.05,0.0
168,samsun,TR,1562359590.0,41.29,36.33,72.0,71.6,88.0,4.7,75.0
169,artyk,,,,,,,,,
170,nanortalik,GL,1562359592.0,60.14,-45.24,43.25,43.25,71.0,5.82,0.0
171,tiksi,RU,1562359593.0,71.64,128.87,37.49,37.49,91.0,6.53,100.0
172,lompoc,US,1562359594.0,34.64,-120.46,77.0,60.01,68.0,12.75,1.0
173,lavrentiya,RU,1562359595.0,65.58,-170.99,59.45,59.45,66.0,6.64,100.0
174,santo tomas,PH,1562359596.0,7.53,125.62,75.99,75.99,65.0,1.66,92.0
175,ballina,IE,1562359597.0,54.11,-9.15,60.8,57.0,77.0,13.87,40.0
176,kodiak,US,1562359598.0,39.95,-94.76,84.99,80.6,45.0,4.7,1.0
177,westport,US,1562359599.0,41.14,-73.36,86.0,77.0,78.0,11.41,90.0
178,cidreira,BR,1562359600.0,-30.17,-50.22,47.75,47.75,71.0,24.27,100.0
179,karratha,AU,1562359601.0,-20.74,116.85,60.35,60.35,42.0,14.27,0.0
180,yumen,CN,1562359602.0,40.29,97.04,73.13,73.13,28.0,18.95,14.0
181,saint-andre-les-vergers,FR,1562359603.0,48.29,4.05,73.4,71.01,43.0,3.36,0.0
182,fortuna,US,1562359608.0,40.6,-124.16,82.99,60.8,68.0,11.41,90.0
183,narsaq,GL,1562359609.0,60.91,-46.05,66.2,66.2,32.0,8.05,20.0
184,aklavik,CA,1562359329.0,68.22,-135.01,68.0,66.2,68.0,5.82,75.0
185,grong,NO,1562359611.0,64.47,12.32,51.8,48.99,93.0,4.7,75.0
186,cabo san lucas,MX,1562359343.0,22.89,-109.91,99.0,77.0,43.0,5.82,5.0
187,eureka,US,1562359614.0,40.8,-124.16,64.99,60.8,68.0,11.41,90.0
188,besancon,FR,1562359615.0,47.25,6.02,77.0,64.99,57.0,3.22,0.0
189,laguna,BZ,1562359616.0,16.17,-88.94,91.4,91.4,50.0,9.17,40.0
190,ribeira grande,PT,1562359617.0,38.52,-28.7,69.8,69.8,77.0,5.82,40.0
191,provideniya,RU,1562359618.0,64.42,-173.23,51.53,51.53,87.0,3.71,100.0
192,mys shmidta,,,,,,,,,
193,richards bay,ZA,1562359629.0,-28.77,32.06,67.01,67.01,65.0,15.9,2.0
194,porto novo,BR,1562359630.0,-23.68,-45.44,57.2,57.2,87.0,8.05,90.0
195,maragogi,BR,1562359631.0,-9.01,-35.22,73.31,73.31,89.0,5.93,1.0
196,severo-kurilsk,RU,1562359632.0,50.68,156.12,43.25,43.25,95.0,17.76,100.0
197,amderma,,,,,,,,,
198,alofi,NU,1562359846.0,-19.06,-169.92,77.0,77.0,69.0,10.29,40.0
199,nelson bay,AU,1562359847.0,-32.72,152.14,57.99,51.8,100.0,16.24,18.0
200,kokkola,FI,1562359847.0,63.84,23.13,55.0,53.6,93.0,5.82,0.0
201,vaitupu,,,,,,,,,
202,norman wells,CA,1562359848.0,65.28,-126.83,68.0,68.0,60.0,4.7,75.0
203,hamilton,CA,1562359572.0,43.26,-79.87,89.6,81.0,55.0,10.29,75.0
204,mentok,,,,,,,,,
205,tasiilaq,GL,1562359849.0,65.61,-37.64,48.2,48.2,70.0,10.29,8.0
206,attawapiskat,,,,,,,,,
207,launceston,AU,1562359850.0,-41.43,147.14,50.0,42.8,93.0,4.7,90.0
208,mwense,ZM,1562359850.0,-10.39,28.7,59.99,59.99,61.0,3.58,0.0
209,tsihombe,,,,,,,,,
210,sao jose da coroa grande,BR,1562359851.0,-8.9,-35.15,73.31,73.31,89.0,5.93,1.0
211,new norfolk,AU,1562359852.0,-42.78,147.06,39.99,35.01,93.0,2.24,20.0
212,umzimvubu,,,,,,,,,
213,sitka,US,1562359853.0,37.17,-99.65,95.0,95.0,42.0,8.99,22.0
214,yellowknife,CA,1562359853.0,62.45,-114.38,62.6,62.01,77.0,3.36,90.0
215,cam ranh,VN,1562359857.0,11.92,109.15,84.2,84.2,66.0,3.36,20.0
216,awjilah,LY,1562359857.0,29.14,21.3,77.99,77.99,57.0,16.46,0.0
217,goundam,ML,1562359858.0,16.42,-3.66,92.03,92.03,37.0,13.69,100.0
218,chokurdakh,RU,1562359858.0,70.62,147.9,48.83,48.83,75.0,12.97,68.0
219,strezhevoy,RU,1562359859.0,60.73,77.6,62.6,62.6,88.0,6.71,20.0
220,buala,SB,1562359859.0,-8.15,159.59,79.43,79.43,80.0,6.55,100.0
221,gizo,IL,1562359860.0,31.8,34.94,79.0,66.99,74.0,3.36,20.0
222,krasnolesnyy,RU,1562359860.0,51.88,39.59,55.4,55.4,58.0,5.64,0.0
223,tilichiki,RU,1562359861.0,60.47,166.1,50.99,50.99,84.0,3.11,100.0
224,sao joao da barra,BR,1562359861.0,-21.64,-41.05,73.4,71.6,78.0,20.8,40.0
225,whitehorse,CA,1562359862.0,60.72,-135.06,78.01,77.0,41.0,3.36,75.0
226,atar,MR,1562359862.0,20.52,-13.05,101.03,101.03,15.0,12.86,14.0
227,viligili,,,,,,,,,
228,nata,BW,1562359863.0,-20.21,26.19,60.35,60.35,27.0,8.72,0.0
229,bambous virieux,MU,1562359863.0,-20.34,57.76,71.6,66.99,68.0,6.93,40.0
230,micheweni,TZ,1562359864.0,-4.97,39.83,78.53,78.53,80.0,16.87,0.0
231,methoni,GR,1562359864.0,36.82,21.7,80.01,73.4,83.0,6.53,0.0
232,luba,PH,1562359865.0,17.32,120.7,74.21,74.21,93.0,2.84,91.0
233,yulara,AU,1562359868.0,-25.24,130.99,42.8,42.8,56.0,4.7,40.0
234,dingle,PH,1562359869.0,11.0,122.67,73.85,73.85,87.0,2.08,100.0
235,pochutla,MX,1562359870.0,15.74,-96.47,93.2,87.8,52.0,3.09,20.0
236,biberach,DE,1562359870.0,48.29,10.22,71.6,62.01,52.0,1.12,73.0
237,vila velha,BR,1562359871.0,-3.71,-38.6,86.0,80.01,74.0,11.41,20.0
238,ambon,FR,1562359871.0,47.55,-2.56,77.0,69.01,64.0,9.17,0.0
239,saint george,GR,1562359785.0,39.45,22.34,80.6,77.0,57.0,3.36,75.0
240,alpena,US,1562359872.0,45.06,-83.43,80.6,75.2,74.0,9.17,90.0
241,vanimo,PG,1562359872.0,-2.67,141.3,78.35,78.35,83.0,8.9,100.0
242,hihifo,,,,,,,,,
243,avera,US,1562359873.0,33.19,-82.53,93.2,75.2,83.0,3.36,90.0
244,bani,YE,1562359874.0,16.02,42.93,88.61,88.61,72.0,5.48,75.0
245,kahului,US,1562359578.0,20.89,-156.47,87.8,77.0,58.0,17.22,40.0
246,matamoros,US,1562359875.0,25.87,-97.51,93.2,91.0,56.0,16.11,20.0
247,tura,RU,1562359875.0,64.27,100.22,55.49,55.49,77.0,18.39,100.0
248,ruatoria,,,,,,,,,
249,mahadday weyne,,,,,,,,,
250,kesennuma,,,,,,,,,
251,una,IN,1562359880.0,31.47,76.27,88.43,88.43,54.0,11.32,0.0
252,poum,MK,1562359880.0,41.28,20.71,66.2,66.2,68.0,2.24,20.0
253,roebourne,AU,1562359881.0,-20.77,117.15,61.07,61.07,43.0,9.4,0.0
254,igreja nova,BR,1562359881.0,-10.13,-36.66,75.11,75.11,82.0,8.39,0.0
255,yeppoon,AU,1562359882.0,-23.13,150.74,64.4,64.4,88.0,12.75,90.0
256,airai,TL,1562359882.0,-8.93,125.41,63.95,63.95,80.0,5.37,0.0
257,hulan,IR,1562359883.0,34.23,47.18,82.4,64.4,16.0,3.36,0.0
258,santa pola,ES,1562359883.0,38.19,-0.56,81.0,73.99,78.0,2.24,40.0
259,aksarka,RU,1562359884.0,66.56,67.8,58.55,58.55,62.0,16.31,28.0
260,chapais,CA,1562359884.0,49.78,-74.86,82.4,82.4,42.0,11.41,90.0
261,kruisfontein,ZA,1562359886.0,-34.0,24.73,49.73,49.73,69.0,7.14,0.0
262,nguiu,,,,,,,,,
263,victoria,BN,1562359629.0,5.28,115.24,77.0,77.0,94.0,5.28,75.0
264,samusu,,,,,,,,,
265,luderitz,NA,1562359887.0,-26.65,15.16,53.6,53.6,87.0,13.87,0.0
266,deputatskiy,RU,1562359888.0,69.3,139.9,48.11,48.11,83.0,5.37,53.0
267,higueron,PA,1562359888.0,8.5,-82.29,87.8,63.0,62.0,9.17,20.0
268,lakhdenpokhya,RU,1562359889.0,61.52,30.2,54.0,53.01,86.0,4.38,100.0
269,butte,US,1562359889.0,46.01,-112.54,75.0,68.0,45.0,5.82,90.0
270,fairlie,US,1562359890.0,33.31,-95.96,93.99,89.6,52.0,11.41,75.0
271,kalevala,FI,1562359890.0,64.12,29.58,50.09,50.09,96.0,2.75,69.0
272,kitimat,CA,1562359891.0,54.02,-128.69,77.0,77.0,38.0,12.75,75.0
273,nador,MA,1562359891.0,35.17,-2.93,77.0,75.2,65.0,1.12,0.0
274,palembang,ID,1562359891.0,-2.99,104.76,73.49,73.49,99.0,2.8,35.0
275,itaituba,BR,1562359892.0,-4.26,-55.99,91.4,91.4,59.0,0.74,40.0
276,saint-francois,FR,1562359892.0,46.42,3.91,82.4,73.99,42.0,5.82,0.0
277,bud,NO,1562359893.0,62.91,6.91,51.8,41.0,76.0,8.05,40.0
278,poya,NC,1562359894.0,-21.35,165.16,71.15,71.15,79.0,12.35,100.0
279,phan rang,,,,,,,,,
280,kosa,JP,1562359895.0,32.67,130.82,68.0,68.0,88.0,3.76,60.0
281,solnechnogorsk,RU,1562359896.0,56.19,36.98,57.2,57.2,76.0,11.18,0.0
282,pervomayskoye,RU,1562359896.0,57.07,86.23,56.75,56.75,96.0,8.48,50.0
283,yakshur-bodya,,,,,,,,,
284,cayenne,GF,1562359897.0,4.94,-52.33,82.4,82.4,83.0,8.05,100.0
285,mar del plata,AR,1562359898.0,-46.43,-67.52,40.73,40.73,73.0,17.74,0.0
286,lorengau,PG,1562359898.0,-2.02,147.27,78.71,78.71,81.0,3.31,39.0
287,kununurra,AU,1562359898.0,-15.77,128.74,51.8,51.8,71.0,4.7,0.0
288,talnakh,RU,1562359899.0,69.49,88.39,48.2,48.2,70.0,24.61,0.0
289,hoogstraten,BE,1562359899.0,51.4,4.76,66.2,60.8,67.0,4.7,75.0
290,tulun,RU,1562359900.0,54.56,100.58,61.79,61.79,92.0,6.31,100.0
291,pavilosta,LV,1562359900.0,56.89,21.19,55.4,55.4,82.0,10.29,98.0
292,rio tuba,PH,1562359901.0,8.51,117.43,82.85,82.85,74.0,7.25,100.0
293,bin qirdan,TN,1562359902.0,33.14,11.22,84.11,84.11,29.0,10.07,0.0
294,saint-pierre,FR,1562359902.0,48.95,4.24,71.6,62.01,46.0,6.93,0.0
295,alice springs,AU,1562359794.0,-23.7,133.88,39.2,39.2,64.0,4.7,0.0
296,uslar,DE,1562359903.0,51.66,9.63,62.6,57.99,59.0,4.7,0.0
297,namtsy,RU,1562359904.0,62.72,129.66,55.4,55.4,93.0,4.47,75.0
298,qaqortoq,GL,1562359904.0,60.72,-46.03,66.2,66.2,32.0,8.05,20.0
299,qandala,SO,1562359905.0,11.47,49.87,94.01,94.01,47.0,18.77,4.0
300,tolaga bay,NZ,1562359905.0,-38.37,178.3,42.89,42.89,95.0,4.92,98.0
301,staraya sunzha,RU,1562359906.0,43.34,45.74,69.8,69.8,88.0,8.95,40.0
302,reconquista,AR,1562359906.0,-29.14,-59.64,46.67,46.67,61.0,4.56,0.0
303,jablah,SY,1562359906.0,35.36,35.93,75.2,75.2,88.0,5.82,20.0
304,saint-philippe,CA,1562359907.0,45.36,-73.48,84.2,77.0,78.0,9.17,90.0
305,pampierstad,ZA,1562359907.0,-27.78,24.69,38.75,38.75,57.0,1.5,0.0
306,abbeyleix,IE,1562359908.0,52.91,-7.35,64.0,62.01,84.0,4.5,41.0
307,greymouth,NZ,1562359908.0,-42.45,171.21,46.31,46.31,68.0,17.72,0.0
308,ishinomaki,JP,1562359909.0,38.42,141.3,64.13,64.13,93.0,4.38,100.0
309,bolshaya dzhalga,RU,1562359909.0,45.97,42.7,66.83,66.83,50.0,5.77,22.0
310,torbay,CA,1562359910.0,47.66,-52.73,57.99,54.0,82.0,11.41,90.0
311,othonoi,,,,,,,,,
312,jining,CN,1562359911.0,35.41,116.58,77.09,77.09,68.0,8.93,0.0
313,sorland,NO,1562359911.0,67.67,12.69,48.2,48.2,76.0,9.17,75.0
314,crestview,US,1562359775.0,30.76,-86.57,102.2,86.0,39.0,5.82,1.0
315,guerrero negro,MX,1562359912.0,27.97,-114.04,64.67,64.67,87.0,14.29,0.0
316,lovington,US,1562359913.0,32.94,-103.35,96.8,95.0,25.0,12.75,5.0
317,anchorage,US,1562359746.0,61.22,-149.89,82.0,69.8,47.0,6.93,20.0
318,bowen,AU,1562359913.0,-20.01,148.25,66.0,64.4,93.0,9.17,90.0
319,teguise,ES,1562359914.0,29.06,-13.56,71.6,71.6,78.0,13.87,20.0
320,vardo,US,1562359915.0,39.62,-77.74,91.4,82.99,55.0,10.29,1.0
321,ponta delgada,PT,1562359915.0,37.73,-25.67,68.0,68.0,68.0,6.93,20.0
322,huayang,CN,1562359916.0,23.62,115.49,75.29,75.29,95.0,1.57,100.0
323,tuatapere,NZ,1562359916.0,-46.13,167.69,50.63,50.63,74.0,10.2,100.0
324,chunskiy,RU,1562359917.0,56.08,99.63,61.25,61.25,98.0,3.71,100.0
325,port hardy,CA,1562359917.0,50.7,-127.42,60.8,60.8,77.0,5.82,20.0
326,hofn,IS,1562359918.0,64.25,-15.21,38.21,38.21,85.0,14.32,11.0
327,gamba,CN,1562359919.0,28.28,88.52,41.99,41.99,70.0,1.88,100.0
328,armeria,MX,1562359919.0,18.93,-103.97,89.6,84.2,62.0,9.17,75.0
329,ormara,PK,1562359920.0,25.21,64.64,82.67,82.67,76.0,10.36,100.0
330,nchelenge,ZM,1562359920.0,-9.35,28.74,64.13,64.13,60.0,7.56,0.0
331,los llanos de aridane,ES,1562359921.0,28.66,-17.92,71.6,64.0,88.0,8.05,75.0
332,mayskiy,RU,1562359921.0,43.63,44.06,64.4,64.0,82.0,4.47,75.0
333,mandalgovi,MN,1562359921.0,45.76,106.27,59.09,59.09,36.0,7.72,0.0
334,nizhneyansk,,,,,,,,,
335,touros,BR,1562359931.0,-5.2,-35.46,80.6,80.6,74.0,9.17,40.0
336,sao filipe,CV,1562359932.0,14.9,-24.5,73.49,73.49,85.0,17.27,24.0
337,kandrian,PG,1562359932.0,-6.21,149.55,74.03,74.03,92.0,4.99,98.0
338,arman,RU,1562359933.0,59.7,150.17,46.31,46.31,93.0,3.4,100.0
339,hami,CN,1562359933.0,42.84,93.51,77.09,77.09,36.0,22.44,100.0
340,fort abbas,PK,1562359934.0,29.19,72.85,100.31,100.31,30.0,19.93,0.0
341,sovetskiy,RU,1562359934.0,56.76,48.47,49.19,49.19,95.0,8.93,4.0
342,maceio,BR,1562359828.0,-9.67,-35.74,78.8,78.8,74.0,10.29,0.0
343,homer,US,1562359936.0,59.64,-151.54,75.99,55.99,72.0,5.82,1.0
344,bulungu,CD,1562359936.0,-4.54,18.6,75.47,75.47,34.0,1.25,0.0
345,khatanga,RU,1562359937.0,71.98,102.47,48.65,48.65,65.0,3.4,99.0
346,palabuhanratu,,,,,,,,,
347,kyaikkami,MM,1562359937.0,16.08,97.57,80.87,80.87,78.0,20.22,100.0
348,vaihingen,DE,1562359938.0,48.73,9.11,73.0,64.0,56.0,4.7,0.0
349,cochrane,CL,1562359938.0,-47.25,-72.57,41.0,41.0,99.0,4.7,75.0
350,pacific grove,US,1562359676.0,36.62,-121.92,84.99,57.0,68.0,4.7,40.0
351,sedelnikovo,,,,,,,,,
352,lourdes,SV,1562359940.0,13.73,-89.37,93.2,87.8,48.0,4.7,20.0
353,ugoofaaru,MV,1562359940.0,5.67,73.0,83.57,83.57,76.0,10.33,68.0
354,manado,ID,1562359941.0,1.49,124.85,71.6,71.6,100.0,8.1,20.0
355,deulgaon raja,IN,1562359945.0,20.02,76.04,75.11,75.11,81.0,13.94,100.0
356,ponta do sol,BR,1562359945.0,-20.63,-46.0,62.33,62.33,90.0,10.27,43.0
357,umm kaddadah,SD,1562359946.0,13.6,26.69,83.21,83.21,47.0,15.97,32.0
358,dalbandin,PK,1562359946.0,28.9,64.41,85.91,85.91,8.0,16.67,0.0
359,maxixe,MZ,1562359947.0,-23.86,35.35,58.73,58.73,91.0,1.48,0.0
360,longyearbyen,NO,1562359947.0,78.22,15.63,50.0,50.0,76.0,21.92,75.0
361,saint anthony,US,1562359948.0,43.97,-111.68,77.0,68.0,33.0,8.05,1.0
362,esperance,AU,1562359949.0,-33.86,121.89,41.0,41.0,93.0,11.41,29.0
363,burnie,AU,1562359949.0,-41.05,145.91,53.01,52.0,95.0,3.0,92.0
364,vallenar,CL,1562359950.0,-28.58,-70.76,60.89,60.89,54.0,5.57,0.0
365,pervomayskiy,RU,1562359950.0,53.24,40.29,55.49,55.49,80.0,8.7,100.0
366,vila franca do campo,PT,1562359951.0,37.72,-25.43,68.0,68.0,68.0,6.93,20.0
367,grand-santi,GF,1562359952.0,4.27,-54.38,74.75,74.75,98.0,2.98,100.0
368,mosetse,BW,1562359952.0,-20.64,26.64,55.85,55.85,27.0,7.34,0.0
369,oussouye,SN,1562359956.0,12.49,-16.54,84.2,84.2,74.0,9.17,75.0
370,chicama,PE,1562359956.0,-7.84,-79.15,66.2,66.2,77.0,11.41,20.0
371,bonthe,SL,1562359957.0,7.53,-12.5,76.37,76.37,92.0,9.06,100.0
372,colon,PH,1562359957.0,10.22,123.75,81.23,81.23,76.0,4.43,100.0
373,waingapu,ID,1562359958.0,-9.65,120.26,65.75,65.75,89.0,11.18,3.0
374,bandarbeyla,SO,1562359958.0,9.49,50.81,81.23,81.23,57.0,25.17,0.0
375,deloraine,AU,1562359959.0,-41.53,146.66,53.01,42.8,93.0,4.7,90.0
376,mount gambier,AU,1562359959.0,-37.83,140.78,48.2,48.2,93.0,6.93,100.0
377,sinnamary,GF,1562359960.0,5.38,-52.96,79.97,79.97,83.0,11.99,100.0
378,saleaula,,,,,,,,,
379,trincomalee,LK,1562359960.0,8.58,81.23,79.97,79.97,73.0,8.63,100.0
380,dwarka,IN,1562359961.0,28.58,77.04,90.0,84.2,79.0,4.18,40.0
381,puerto suarez,BO,1562359962.0,-18.96,-57.8,64.4,64.4,63.0,5.53,90.0
382,murmashi,RU,1562359971.0,68.82,32.82,44.6,44.6,100.0,6.71,75.0
383,palana,RU,1562359972.0,59.08,159.95,50.63,50.63,73.0,5.46,0.0
384,kirakira,SB,1562359972.0,-10.46,161.92,77.81,77.81,84.0,5.48,91.0
385,kamiiso,JP,1562359973.0,41.82,140.65,57.11,57.11,97.0,3.58,100.0
386,sabang,PH,1562359976.0,13.8,121.11,72.77,72.77,95.0,2.01,83.0
387,port-cartier,CA,1562359977.0,50.03,-66.88,71.6,71.6,64.0,4.7,75.0
388,mao,DO,1562359977.0,19.55,-71.08,89.01,75.2,78.0,11.41,75.0
389,san cristobal,HN,1562359978.0,14.68,-86.92,85.55,85.55,32.0,11.79,0.0
390,barentsburg,,,,,,,,,
391,capitan bado,PY,1562359979.0,-23.27,-55.53,54.23,54.23,58.0,5.03,0.0
392,baghdad,IQ,1562359982.0,33.3,44.38,96.8,96.8,16.0,12.75,0.0
393,harper,US,1562359983.0,30.3,-99.24,91.99,87.01,43.0,10.29,1.0
394,bichura,RU,1562359744.0,50.59,107.6,54.77,54.77,49.0,3.71,0.0
395,bulgan,MN,1562359984.0,48.81,103.53,51.35,51.35,70.0,2.71,4.0
396,olenino,RU,1562359984.0,56.21,33.48,46.67,46.67,98.0,7.43,44.0
397,san ramon,NI,1562359985.0,12.92,-85.84,80.6,80.6,57.0,6.93,40.0
398,izvoarele sucevei,RO,1562359985.0,47.76,25.18,54.0,54.0,76.0,0.65,100.0
399,castro,CL,1562359988.0,-42.48,-73.76,50.0,50.0,76.0,4.7,0.0
400,ancud,CL,1562359989.0,-41.87,-73.83,50.0,50.0,76.0,4.7,0.0
401,anloga,GH,1562359696.0,5.79,0.9,78.8,78.8,88.0,10.29,40.0
402,dustlik,UZ,1562359990.0,40.53,68.03,81.23,81.23,22.0,10.36,0.0
403,nha trang,VN,1562359990.0,12.24,109.19,84.2,84.2,66.0,3.36,20.0
404,karaton,ID,1562359991.0,-6.34,106.1,77.0,73.99,88.0,2.24,40.0
405,soure,PT,1562359991.0,40.06,-8.63,69.01,63.0,77.0,8.05,20.0
406,jaszszentandras,HU,1562359992.0,47.58,20.18,71.6,66.0,43.0,6.93,0.0
407,juneau,US,1562359711.0,58.3,-134.42,73.4,73.4,49.0,6.93,20.0
408,ust-tsilma,RU,1562359992.0,65.44,52.15,56.03,56.03,83.0,2.1,100.0
409,nizhniy tsasuchey,RU,1562359993.0,50.52,115.13,54.59,54.59,61.0,5.66,1.0
410,isangel,VU,1562359993.0,-19.55,169.27,64.4,64.4,93.0,20.0,75.0
411,bolungarvik,,,,,,,,,
412,petrozavodsk,RU,1562359994.0,61.79,34.39,51.8,51.8,81.0,2.24,23.0
413,bardiyah,,,,,,,,,
414,ukiah,US,1562359935.0,39.15,-123.21,91.99,66.0,24.0,7.43,1.0
415,sandavagur,,,,,,,,,
416,rawson,AR,1562359999.0,-43.3,-65.11,40.19,40.19,55.0,11.21,0.0
417,beipiao,CN,1562359999.0,41.8,120.76,64.67,64.67,93.0,0.49,100.0
418,fare,PF,1562360000.0,-16.7,-151.02,76.55,76.55,78.0,27.94,42.0
419,aswan,EG,1562360000.0,24.09,32.9,91.4,91.4,16.0,17.22,0.0
420,byron bay,AU,1562360001.0,-28.65,153.62,64.99,57.2,82.0,10.29,40.0
421,thio,NC,1562360001.0,-21.61,166.22,68.0,68.0,88.0,6.73,90.0
422,vestmanna,FO,1562360002.0,62.16,-7.17,48.2,48.2,76.0,21.92,93.0
423,mayo,CA,1562360002.0,63.59,-135.9,77.0,77.0,36.0,11.41,40.0
424,aktau,KZ,1562360003.0,43.65,51.16,77.0,77.0,65.0,11.18,0.0
425,kayerkan,RU,1562360003.0,69.35,87.76,48.2,48.2,70.0,24.61,0.0
426,buchmany,UA,1562360004.0,51.07,28.04,53.51,53.51,96.0,7.78,84.0
427,tromso,NO,1562360004.0,69.65,18.96,51.8,51.8,66.0,8.05,75.0
428,halalo,,,,,,,,,
429,zhigansk,RU,1562360005.0,66.77,123.37,50.81,50.81,88.0,6.73,96.0
430,dubbo,AU,1562360006.0,-32.25,148.6,51.8,51.8,81.0,16.11,40.0
431,port macquarie,AU,1562359997.0,-31.43,152.91,57.2,50.0,100.0,2.24,90.0
432,soyo,AO,1562360006.0,-6.13,12.37,75.2,75.2,83.0,4.7,20.0
433,vryburg,ZA,1562360007.0,-26.96,24.73,43.61,43.61,26.0,6.29,0.0
434,fort nelson,CA,1562360007.0,58.81,-122.69,71.6,71.6,37.0,3.78,75.0
435,samarai,PG,1562360008.0,-10.62,150.67,73.31,73.31,93.0,3.71,48.0
436,umea,SE,1562360008.0,63.83,20.26,57.2,55.0,82.0,5.82,90.0
437,romny,UA,1562360009.0,50.74,33.49,57.65,57.65,96.0,6.4,100.0
438,chengde,CN,1562360009.0,40.97,117.93,59.63,59.63,90.0,2.26,38.0
439,tiznit,MA,1562359772.0,29.7,-9.73,67.19,67.19,84.0,11.95,0.0
440,kutum,SD,1562360010.0,14.2,24.66,84.47,84.47,32.0,8.55,67.0
441,burica,,,,,,,,,
442,mitzic,GA,1562360011.0,0.78,11.55,69.71,69.71,97.0,3.49,98.0
443,limon,US,1562360012.0,39.26,-103.69,81.0,75.2,57.0,8.05,1.0
444,sao miguel do araguaia,BR,1562360012.0,-13.28,-50.16,87.17,87.17,31.0,1.14,24.0
445,navolato,MX,1562360013.0,24.76,-107.7,102.99,91.99,44.0,9.17,20.0
446,comodoro rivadavia,AR,1562360016.0,-45.87,-67.48,53.6,53.6,54.0,18.34,0.0
447,margate,AU,1562360017.0,-43.03,147.26,39.99,35.01,93.0,2.24,20.0
448,pisco,PE,1562360017.0,-13.71,-76.2,71.6,66.99,30.0,8.05,75.0
449,sangmelima,CM,1562360018.0,2.93,11.98,68.45,68.45,99.0,3.42,18.0
450,coolum beach,AU,1562360018.0,-26.53,153.09,66.0,57.99,79.0,1.99,100.0
451,mitsamiouli,KM,1562360019.0,-11.38,43.28,78.8,78.8,74.0,4.7,75.0
452,mendi,ET,1562360019.0,9.8,35.1,64.31,64.31,93.0,3.33,71.0
453,tamiahua,MX,1562360020.0,21.28,-97.45,82.49,82.49,82.0,10.65,100.0
454,urumqi,,,,,,,,,
455,yirol,,,,,,,,,
456,zlatoustovsk,,,,,,,,,
457,moron,HT,1562360021.0,18.56,-74.26,83.75,83.75,67.0,13.22,8.0
458,bonga,ET,1562360022.0,7.26,36.25,56.21,56.21,99.0,1.21,75.0
459,san-pedro,CI,1562359728.0,4.75,-6.64,72.23,72.23,91.0,4.12,100.0
460,sataua,,,,,,,,,
461,basco,US,1562360023.0,40.33,-91.2,90.0,82.4,62.0,4.7,20.0
462,bolonchen,,,,,,,,,
463,dobryanka,RU,1562360024.0,58.45,56.42,53.6,53.6,93.0,6.71,40.0
464,kyshtovka,RU,1562360024.0,56.56,76.62,58.73,58.73,98.0,9.93,34.0
465,nurota,UZ,1562360025.0,40.56,65.69,84.2,84.2,23.0,9.17,0.0
466,padang,ID,1562360025.0,-0.92,100.36,81.59,81.59,79.0,6.6,45.0
467,mount isa,AU,1562360026.0,-20.73,139.49,62.6,62.6,72.0,8.05,90.0
468,jiexiu,CN,1562360026.0,37.02,111.92,59.81,59.81,52.0,12.48,0.0
469,sibu,MY,1562360027.0,2.29,111.83,75.2,75.2,100.0,2.24,75.0
470,englewood,US,1562359910.0,39.65,-104.99,82.99,70.0,53.0,5.82,20.0
471,muromtsevo,RU,1562360028.0,56.37,75.24,57.29,57.29,98.0,5.95,68.0
472,buraydah,SA,1562360028.0,26.33,43.97,93.2,93.2,21.0,6.93,0.0
473,pemangkat,,,,,,,,,
474,kato mazarakion,GR,1562360029.0,38.07,21.65,78.8,69.01,54.0,4.7,0.0
475,lolua,,,,,,,,,
476,suntar,RU,1562360030.0,62.16,117.65,49.37,49.37,88.0,5.17,0.0
477,terrace bay,CA,1562360030.0,48.78,-87.1,77.0,77.0,53.0,9.17,40.0
478,tivaouane,SN,1562360031.0,14.95,-16.81,77.0,77.0,78.0,8.05,100.0
479,sibolga,ID,1562360032.0,1.74,98.78,81.95,81.95,78.0,6.35,17.0
480,wai,IN,1562360033.0,17.95,73.89,74.75,74.75,91.0,7.18,100.0
481,pangnirtung,CA,1562360033.0,66.15,-65.72,41.0,41.0,86.0,8.05,90.0
482,kargopol,RU,1562360034.0,61.51,38.95,49.19,49.19,79.0,3.89,0.0
483,san carlos de bariloche,AR,1562359882.0,-41.13,-71.31,46.4,46.4,45.0,3.36,0.0
484,melfi,IT,1562360034.0,41.0,15.66,77.0,77.0,88.0,2.24,0.0
485,sept-iles,CA,1562360035.0,50.2,-66.38,71.6,71.6,64.0,4.7,75.0
486,khonuu,,,,,,,,,
487,dzerzhinsk,RU,1562360036.0,56.24,43.46,53.6,53.01,87.0,6.71,0.0
488,iisalmi,FI,1562360036.0,63.56,27.19,59.0,59.0,67.0,6.93,0.0
489,sombrio,BR,1562360037.0,-29.11,-49.63,34.97,34.97,64.0,14.32,0.0
490,emerald,AU,1562360037.0,-23.53,148.16,60.8,57.99,93.0,11.41,90.0
491,grand gaube,MU,1562360038.0,-20.01,57.66,71.6,66.99,68.0,6.93,40.0
492,sterling,US,1562359932.0,39.0,-77.4,91.99,84.99,55.0,10.29,1.0
493,beringovskiy,RU,1562360038.0,63.05,179.32,56.57,56.57,71.0,8.1,80.0
494,angoram,PG,1562360039.0,-4.06,144.07,72.77,72.77,99.0,2.19,100.0
495,voh,NC,1562360039.0,-20.95,164.69,70.61,70.61,78.0,10.22,100.0
496,kaeo,NZ,1562359804.0,-35.1,173.78,43.0,43.0,94.0,3.0,0.0
497,constitucion,MX,1562360040.0,23.99,-104.67,80.01,78.8,26.0,10.29,90.0
498,beaverlodge,CA,1562360041.0,55.21,-119.43,66.2,66.2,52.0,13.87,75.0
499,chimbote,PE,1562360041.0,-9.08,-78.59,62.15,62.15,91.0,10.07,0.0
500,rolim de moura,,,,,,,,,
501,kaitangata,NZ,1562360042.0,-46.28,169.85,43.25,43.25,93.0,5.66,76.0
502,mahajanga,MG,1562360043.0,-15.72,46.32,73.4,73.4,83.0,2.24,20.0
503,sturgis,CA,1562360043.0,51.94,-102.54,63.23,63.23,63.0,2.19,100.0
504,amod,IN,1562360044.0,21.99,72.87,84.29,84.29,74.0,17.22,100.0
505,flinders,AU,1562360047.0,-34.58,150.85,55.0,51.01,100.0,4.7,90.0
506,lexington,US,1562359930.0,38.05,-84.5,93.99,86.0,58.0,6.93,40.0
507,colares,PT,1562360051.0,38.8,-9.45,68.0,64.99,82.0,10.29,20.0
508,alta floresta,BR,1562360052.0,-9.87,-56.08,85.55,85.55,47.0,2.01,10.0
509,caravelas,BR,1562360052.0,-17.73,-39.27,78.53,78.53,83.0,11.39,1.0
510,praia,BR,1562360053.0,-20.25,-43.81,75.2,73.4,60.0,8.05,75.0
511,katobu,ID,1562360053.0,-4.94,122.53,68.09,68.09,89.0,4.61,0.0
512,tasbuget,,,,,,,,,
513,zverevo,RU,1562360054.0,48.02,40.12,68.0,68.0,60.0,6.71,0.0
514,izumo,JP,1562360055.0,35.37,132.75,71.6,71.6,88.0,11.41,75.0
515,nogliki,RU,1562360055.0,51.8,143.14,51.89,51.89,89.0,8.34,98.0
516,louisbourg,,,,,,,,,
517,ardakan,IR,1562360056.0,32.31,54.02,96.8,96.8,11.0,9.17,0.0
518,gramsh,AL,1562360057.0,40.87,20.19,66.2,66.2,68.0,2.24,20.0
519,baykalsk,RU,1562360057.0,51.52,104.15,48.99,48.99,39.0,7.0,67.0
520,acapulco,MX,1562360058.0,16.86,-99.88,89.6,89.6,66.0,10.29,40.0
521,vuktyl,RU,1562360058.0,63.86,57.31,53.15,53.15,89.0,4.99,87.0
522,hinckley,GB,1562360059.0,52.54,-1.37,71.01,61.0,64.0,12.75,0.0
523,swift current,CA,1562360060.0,50.29,-107.8,66.2,66.2,68.0,13.87,90.0
524,oktyabrskiy,RU,1562360081.0,55.61,37.97,60.8,57.0,63.0,4.47,0.0
525,maniitsoq,GL,1562360082.0,65.42,-52.9,44.69,44.69,76.0,8.86,98.0
526,maple creek,CA,1562360082.0,49.91,-109.46,68.99,68.99,58.0,9.75,99.0
527,port augusta,AU,1562360082.0,-32.49,137.76,55.0,46.4,87.0,4.7,75.0
528,teseney,ER,1562360083.0,15.11,36.66,86.99,86.99,49.0,15.7,3.0
529,manokwari,ID,1562360084.0,-0.87,134.08,73.85,73.85,72.0,5.01,96.0
530,haines junction,CA,1562360085.0,60.75,-137.51,73.13,73.13,44.0,4.61,4.0
531,cap malheureux,MU,1562360086.0,-19.98,57.61,71.6,66.99,68.0,6.93,40.0
532,yuksekova,TR,1562360086.0,37.57,44.29,66.2,66.2,55.0,4.7,20.0
533,bassila,BJ,1562360087.0,9.0,1.66,69.53,69.53,95.0,2.68,95.0
534,alabat,PH,1562360087.0,14.11,122.01,80.51,80.51,75.0,3.2,67.0
535,moosomin,CA,1562360087.0,50.14,-101.67,69.35,69.35,53.0,7.23,2.0
536,finschhafen,PG,1562360088.0,-6.6,147.85,63.59,63.59,91.0,1.48,79.0
537,barra patuca,HN,1562360088.0,15.8,-84.28,82.49,82.49,77.0,12.46,9.0
538,bow island,CA,1562360089.0,49.87,-111.38,68.0,66.0,56.0,10.29,90.0
539,beloha,MG,1562360089.0,-25.17,45.06,62.87,62.87,86.0,2.46,0.0
540,kiruna,SE,1562360090.0,67.86,20.23,51.8,51.8,66.0,14.99,100.0
541,toyota,JP,1562360090.0,35.15,137.3,69.8,68.0,88.0,4.7,75.0
542,marsh harbour,BS,1562360091.0,26.54,-77.06,85.01,85.01,72.0,13.29,32.0
543,kintampo,GH,1562360091.0,8.05,-1.73,74.39,74.39,91.0,5.32,100.0
544,karangasem,ID,1562360092.0,-6.7,108.49,72.23,72.23,84.0,4.7,100.0
545,rungata,,,,,,,,,
546,upernavik,GL,1562360093.0,72.79,-56.15,41.99,41.99,80.0,7.27,100.0
547,linhares,BR,1562360093.0,-19.38,-40.06,78.89,78.89,46.0,5.5,0.0
548,ouegoa,NC,1562360094.0,-20.34,164.44,72.41,72.41,73.0,4.74,93.0
549,tabou,CI,1562360094.0,4.42,-7.36,73.49,73.49,89.0,5.55,100.0
550,hambantota,LK,1562360095.0,6.12,81.12,82.49,82.49,81.0,16.33,100.0
551,morgan city,US,1562360095.0,29.7,-91.21,98.01,91.0,49.0,7.99,40.0
552,khatassy,RU,1562360096.0,61.91,129.64,55.4,55.4,93.0,4.47,90.0
553,ilulissat,GL,1562360096.0,69.22,-51.1,42.53,42.53,75.0,5.73,94.0
554,banamba,ML,1562360097.0,13.55,-7.45,80.33,80.33,75.0,5.75,82.0
555,bayir,TR,1562360097.0,37.27,28.22,82.4,82.0,48.0,6.93,0.0
556,kidal,ML,1562360098.0,18.44,1.41,91.13,91.13,34.0,12.06,0.0
557,mutoko,ZW,1562360098.0,-17.4,32.23,51.89,51.89,44.0,1.97,0.0
558,hovd,NO,1562360099.0,63.83,10.7,50.0,48.99,81.0,9.17,75.0
559,baracoa,CU,1562360099.0,20.35,-74.5,82.49,82.49,75.0,13.76,0.0
560,sechura,PE,1562360100.0,-5.56,-80.82,65.03,65.03,87.0,16.33,39.0
561,smithers,CA,1562359923.0,54.78,-127.17,68.0,68.0,49.0,2.24,75.0
562,kudahuvadhoo,MV,1562360101.0,2.67,72.89,83.93,83.93,72.0,7.07,61.0
563,uribia,CO,1562359982.0,11.71,-72.27,91.13,91.13,50.0,15.99,92.0
564,ritchie,ZA,1562360102.0,-29.03,24.6,48.2,48.2,49.0,1.12,0.0
565,gorno-chuyskiy,,,,,,,,,
566,bandar penggaram,,,,,,,,,
567,las margaritas,MX,1562359820.0,16.32,-91.98,74.57,74.57,39.0,8.1,0.0
568,la paz,MX,1562360106.0,24.15,-110.32,100.4,97.0,18.0,13.87,5.0
569,uspantan,GT,1562360107.0,15.35,-90.87,70.97,70.97,44.0,6.67,0.0
570,mutsamudu,,,,,,,,,
571,puerto del rosario,ES,1562359945.0,28.5,-13.86,71.6,71.6,83.0,13.87,20.0
572,vacaria,BR,1562360108.0,-28.51,-50.94,41.0,41.0,47.0,4.0,0.0
573,omboue,GA,1562360108.0,-1.57,9.26,73.31,73.31,89.0,8.57,100.0
574,acuna,,,,,,,,,
575,klaksvik,FO,1562360109.0,62.23,-6.59,48.2,48.2,76.0,21.92,97.0
576,riacho de santana,BR,1562359954.0,-13.61,-42.94,78.35,78.35,44.0,3.44,76.0
577,sorong,ID,1562360110.0,-0.86,131.25,73.31,73.31,96.0,5.75,61.0
578,upata,VE,1562360111.0,8.02,-62.41,81.0,81.0,88.0,5.01,100.0
579,zachagansk,,,,,,,,,
580,kembe,,,,,,,,,
581,falakata,IN,1562360112.0,26.52,89.2,82.31,82.31,79.0,4.36,85.0
582,linxia,CN,1562360113.0,35.6,103.21,53.51,53.51,41.0,4.79,100.0
583,abalak,NE,1562360113.0,15.46,6.28,94.19,94.19,32.0,16.02,0.0
584,camana,,,,,,,,,
585,mangrol,IN,1562360114.0,25.33,76.51,80.69,80.69,86.0,4.63,100.0
586,mabaruma,GY,1562360115.0,8.2,-59.78,77.45,77.45,96.0,3.78,100.0
587,selikhino,RU,1562360115.0,50.37,137.51,65.21,65.21,87.0,7.27,55.0
588,watsa,CD,1562360116.0,3.04,29.53,67.91,67.91,95.0,0.96,100.0
589,pingliang,CN,1562360116.0,35.54,106.68,51.89,51.89,76.0,4.27,25.0
590,atambua,ID,1562360117.0,-9.11,124.89,74.57,74.57,69.0,16.31,0.0
591,sri aman,MY,1562360117.0,1.24,111.46,73.4,73.4,100.0,0.74,0.0
592,yar-sale,RU,1562360118.0,66.83,70.83,58.73,58.73,55.0,20.56,20.0
593,jinchang,CN,1562360118.0,38.52,102.19,59.09,59.09,48.0,8.28,99.0
594,ayan,IR,1562360119.0,38.23,44.7,55.85,55.85,54.0,3.89,0.0
595,arlit,NE,1562360104.0,18.74,7.39,94.73,94.73,30.0,7.83,52.0
596,nemuro,JP,1562360120.0,43.32,145.57,52.07,52.07,94.0,4.5,100.0
597,high level,CA,1562360120.0,58.52,-117.13,71.6,71.6,35.0,6.93,75.0
598,karanja,IN,1562360121.0,20.48,77.49,76.91,76.91,79.0,11.36,100.0
599,bonoua,CI,1562360121.0,5.27,-3.6,78.8,78.8,88.0,6.93,40.0
600,egvekinot,RU,1562359992.0,66.32,-179.17,47.57,47.57,91.0,13.91,100.0
601,talara,PE,1562360122.0,-4.58,-81.27,62.6,62.6,290.0,14.99,0.0
602,camapua,BR,1562359873.0,-19.53,-54.04,59.99,59.99,50.0,9.69,65.0
603,nerchinsk,RU,1562360123.0,51.98,116.59,53.33,53.33,68.0,0.56,0.0
604,camocim,BR,1562360123.0,-2.9,-40.84,79.25,79.25,77.0,8.84,0.0
605,tandarei,RO,1562360124.0,44.65,27.67,67.91,67.91,80.0,5.61,0.0
606,santa rosa,AR,1562360125.0,-36.62,-64.29,42.35,42.35,49.0,3.29,0.0
607,bograd,RU,1562360125.0,54.22,90.86,59.0,59.0,93.0,6.71,0.0
608,bahia blanca,AR,1562360126.0,-38.72,-62.27,41.45,41.45,57.0,6.31,0.0
609,koyelga,RU,1562360126.0,54.65,60.9,55.49,55.49,91.0,7.52,87.0
610,mnogovershinnyy,RU,1562360127.0,53.94,139.92,52.61,52.61,93.0,2.68,100.0
611,mujiayingzi,CN,1562360130.0,42.12,118.78,56.93,56.93,93.0,6.55,100.0
612,santiago del estero,AR,1562359833.0,-27.8,-64.26,56.75,56.75,45.0,5.97,0.0
613,slantsy,RU,1562360131.0,59.12,28.09,50.27,50.27,89.0,10.0,64.0
614,kieta,PG,1562360131.0,-6.22,155.63,79.79,79.79,76.0,7.63,100.0
615,pierre,US,1562360132.0,44.37,-100.35,78.01,75.0,69.0,12.01,90.0
616,bela,PK,1562360132.0,26.23,66.31,79.43,79.43,78.0,7.61,76.0
617,ozernovskiy,RU,1562360133.0,51.5,156.52,45.41,45.41,93.0,3.4,12.0
618,husavik,CA,1562360137.0,50.56,-96.99,73.0,72.0,38.0,3.0,0.0
619,nantucket,US,1562360109.0,41.28,-70.1,80.6,69.8,94.0,6.93,20.0
620,maryville,US,1562360138.0,35.76,-83.97,95.0,86.0,52.0,8.05,1.0
621,la peca,PE,1562360138.0,-5.61,-78.44,80.69,80.69,44.0,0.96,44.0
622,ambilobe,MG,1562360139.0,-13.19,49.05,72.95,72.95,70.0,7.96,68.0
623,sistranda,NO,1562360139.0,63.73,8.83,50.0,48.99,81.0,1.12,75.0
624,rawlins,US,1562360140.0,41.79,-107.24,77.0,75.2,22.0,16.11,1.0
625,saravena,CO,1562360140.0,6.96,-71.88,71.69,71.69,96.0,2.71,100.0
626,bunia,CD,1562360141.0,1.56,30.25,65.21,65.21,92.0,0.85,0.0
627,la empalizada,MX,1562360141.0,21.31,-97.66,90.95,90.95,58.0,12.77,60.0
628,zhangye,CN,1562360142.0,38.94,100.46,63.77,63.77,36.0,6.08,73.0
629,sorvag,,,,,,,,,
630,pedernales,EC,1562360142.0,0.07,-80.05,76.37,76.37,86.0,14.18,0.0
631,gibon,,,,,,,,,
632,pithoragarh,IN,1562360143.0,29.59,80.22,69.17,69.17,93.0,2.04,100.0
633,oistins,BB,1562360003.0,13.07,-59.53,86.0,86.0,66.0,20.8,20.0
634,lulea,SE,1562360144.0,65.58,22.15,59.0,59.0,72.0,4.7,90.0
635,tatawin,,,,,,,,,
636,marzuq,YE,1562360145.0,14.4,46.47,81.23,81.23,36.0,7.45,9.0
637,marienburg,DE,1562360145.0,52.12,9.98,64.4,57.99,72.0,1.12,0.0
638,americus,US,1562360146.0,32.07,-84.23,98.01,93.2,41.0,3.53,1.0
639,mandleshwar,IN,1562360146.0,22.18,75.67,76.73,76.73,88.0,13.53,100.0
640,bira,RU,1562360147.0,49.0,132.47,62.51,62.51,93.0,2.68,92.0
641,bobo dioulasso,,,,,,,,,
642,el alto,BO,1562360148.0,-16.5,-68.19,62.6,62.6,17.0,5.82,40.0
643,saint-leu,RE,1562360148.0,-21.15,55.28,69.8,55.0,77.0,6.93,75.0
644,ixtapa,MX,1562360149.0,20.71,-105.21,86.0,86.0,58.0,9.17,90.0
645,evensk,RU,1562360149.0,61.92,159.24,54.77,54.77,72.0,2.35,0.0
646,soe,EE,1562360150.0,57.91,26.05,50.0,48.0,93.0,6.93,90.0
647,verkhoyansk,RU,1562360150.0,67.55,133.39,57.11,57.11,45.0,2.3,96.0
648,banposh,IN,1562360151.0,22.25,84.8,78.17,78.17,91.0,7.23,100.0
649,viani,CO,1562360151.0,5.76,-73.99,78.53,78.53,68.0,3.47,94.0
650,yakuplu,TR,1562360152.0,39.43,38.59,63.95,63.95,68.0,3.58,12.0
651,la ronge,CA,1562360152.0,55.1,-105.3,68.0,68.0,42.0,2.24,40.0
652,palmer,AU,1562360153.0,-34.85,139.16,63.0,57.0,55.0,17.22,0.0
653,sambava,MG,1562360153.0,-14.27,50.17,65.57,65.57,88.0,3.18,16.0
654,darnah,LY,1562360103.0,32.77,22.64,76.73,76.73,89.0,18.81,0.0
655,merauke,ID,1562360154.0,-8.49,140.4,75.83,75.83,80.0,15.03,0.0
656,san alberto,PY,1562360154.0,-24.98,-54.91,57.2,57.2,33.0,17.22,0.0
657,nyagan,RU,1562360155.0,62.14,65.43,58.55,58.55,69.0,8.21,67.0
658,wahran,,,,,,,,,
659,lima,PE,1562360156.0,-12.06,-77.04,62.6,62.6,88.0,3.36,90.0
660,leshukonskoye,RU,1562360156.0,64.9,45.76,56.03,56.03,96.0,3.49,100.0
661,rypefjord,NO,1562360157.0,70.63,23.67,50.0,46.4,87.0,13.87,75.0
662,roma,IT,1562360047.0,41.89,12.48,79.0,73.0,73.0,1.12,0.0
663,shizunai,JP,1562360158.0,42.33,142.37,57.47,57.47,95.0,3.74,94.0
664,jijiga,ET,1562359891.0,9.35,42.8,62.33,62.33,77.0,13.51,58.0
665,vikhorevka,RU,1562360159.0,56.12,101.17,64.4,64.0,68.0,2.24,100.0
666,barawe,,,,,,,,,
667,fort morgan,US,1562360160.0,40.25,-103.8,82.4,75.2,50.0,9.17,40.0
668,kitwe,ZM,1562360163.0,-12.81,28.21,55.85,55.85,62.0,5.19,5.0
669,sarakhs,TM,1562360164.0,36.54,61.16,82.31,82.31,24.0,6.08,0.0
670,hay river,CA,1562360164.0,60.82,-115.79,69.8,69.8,56.0,6.93,75.0
671,manalurpet,,,,,,,,,
672,kuusamo,FI,1562359921.0,65.96,29.19,50.0,50.0,87.0,6.93,90.0
673,huanren,CN,1562360165.0,41.26,125.37,59.09,59.09,95.0,2.84,26.0
674,zhezkazgan,KZ,1562360166.0,47.8,67.71,71.6,71.6,40.0,8.95,0.0
675,jepara,ID,1562360166.0,-5.21,105.74,74.03,74.03,90.0,3.24,100.0
676,bubaque,GW,1562360167.0,11.28,-15.83,79.43,79.43,84.0,9.91,100.0
677,sanmenxia,CN,1562360167.0,34.77,111.19,70.25,70.25,44.0,9.71,0.0
678,soligalich,RU,1562360168.0,59.08,42.29,49.19,49.19,94.0,6.33,21.0
679,ishigaki,JP,1562360168.0,24.34,124.16,84.47,84.47,86.0,11.21,100.0
680,santa maria da vitoria,BR,1562360169.0,-13.39,-44.19,78.35,78.35,35.0,1.77,20.0
681,ust-kuyga,RU,1562360169.0,70.0,135.55,58.19,58.19,51.0,3.83,0.0
682,sexsmith,CA,1562360170.0,55.35,-118.78,66.2,64.99,52.0,13.87,75.0
683,helong,CN,1562360179.0,25.94,116.13,74.21,74.21,95.0,3.58,100.0
684,tigil,RU,1562360180.0,57.8,158.67,59.27,59.27,56.0,4.65,77.0
685,price,US,1562360180.0,39.6,-110.81,84.99,82.4,13.0,6.93,1.0
686,bambolim,IN,1562360181.0,15.45,73.85,82.4,82.4,83.0,17.22,75.0
687,pundaguitan,PH,1562360181.0,6.37,126.17,80.15,80.15,82.0,6.42,84.0
688,gat,SN,1562360202.0,14.69,-16.54,77.0,77.0,78.0,8.05,99.0
689,antofagasta,CL,1562360029.0,-23.65,-70.4,59.0,59.0,67.0,10.29,40.0
690,brae,GB,1562360203.0,60.4,-1.35,51.8,51.8,100.0,5.82,100.0
691,roxana,CR,1562360204.0,10.27,-83.75,82.4,75.0,61.0,17.22,40.0
692,chifeng,CN,1562360204.0,42.27,118.96,57.29,57.29,84.0,13.69,100.0
693,manati,AL,1562360205.0,41.76,19.67,73.4,73.4,88.0,1.12,0.0
694,turukhansk,RU,1562360205.0,65.8,87.96,60.35,60.35,62.0,5.88,100.0
695,shibetsu,JP,1562360206.0,44.15,142.46,60.8,60.8,82.0,3.36,90.0
696,pestyaki,RU,1562360206.0,56.71,42.67,49.55,49.55,90.0,6.13,85.0
697,kudymkar,RU,1562360207.0,59.01,54.66,51.53,51.53,92.0,7.27,100.0
698,kwakoa,TZ,1562360207.0,-3.77,37.72,66.65,66.65,84.0,7.47,0.0
699,saiha,IN,1562360208.0,22.49,92.98,74.93,74.93,98.0,3.49,100.0
700,zaozerne,UA,1562360208.0,51.37,23.94,54.59,54.59,89.0,8.75,0.0
701,el viejo,NI,1562360212.0,12.66,-87.17,95.0,95.0,41.0,4.7,40.0
702,ustynivka,UA,1562360216.0,47.96,32.54,69.8,69.8,56.0,6.71,40.0
703,jahrom,,,,,,,,,
704,escarcega,MX,1562360217.0,18.61,-90.75,88.43,88.43,61.0,4.68,81.0
705,celestun,MX,1562360218.0,20.87,-90.4,82.67,82.67,81.0,14.61,26.0
706,bogande,BF,1562360218.0,12.97,-0.14,85.55,85.55,56.0,9.33,3.0
707,hailar,CN,1562360219.0,49.2,119.7,52.43,52.43,83.0,6.2,100.0
708,bara,NG,1562360219.0,10.41,10.6,80.33,80.33,72.0,10.45,70.0
709,palmaner,IN,1562360220.0,13.2,78.75,75.83,75.83,66.0,18.66,100.0
710,muisne,EC,1562360221.0,0.61,-80.02,84.2,84.2,83.0,10.29,40.0
711,lufilufi,WS,1562360221.0,-13.87,-171.6,82.4,82.0,69.0,23.17,75.0
712,vila,IT,1562360222.0,45.18,8.4,82.99,75.99,51.0,1.12,0.0
713,high prairie,CA,1562360225.0,55.43,-116.48,64.85,64.85,59.0,10.31,0.0
714,hirara,JP,1562360226.0,24.8,125.28,84.29,84.29,86.0,10.02,100.0
715,bargal,,,,,,,,,
716,varzea da palma,BR,1562360227.0,-17.6,-44.73,74.75,74.75,49.0,2.84,0.0
717,honiara,SB,1562360227.0,-9.43,159.96,71.6,71.6,100.0,7.27,20.0
718,rio grande,BR,1562360208.0,-32.03,-52.1,50.0,50.0,61.0,24.16,90.0
719,araouane,ML,1562360228.0,18.9,-3.53,103.91,103.91,14.0,1.77,0.0
720,lazaro cardenas,MX,1562360229.0,28.39,-105.62,90.0,89.6,24.0,5.82,40.0
721,jacareacanga,BR,1562360229.0,-6.22,-57.76,86.81,86.81,58.0,3.13,72.0
722,kenai,US,1562360230.0,60.55,-151.26,75.99,64.99,59.0,9.17,1.0
723,aksay,KZ,1562360230.0,51.17,53.01,58.01,58.01,70.0,7.11,0.0
724,cairns,AU,1562360229.0,-16.92,145.77,68.0,60.01,88.0,13.87,75.0
725,ariquemes,BR,1562360231.0,-9.91,-63.03,87.71,87.71,53.0,2.53,76.0
726,thinadhoo,MV,1562360231.0,0.53,72.93,83.21,83.21,80.0,12.37,88.0
727,garmsar,IR,1562360232.0,35.22,52.34,80.15,80.15,22.0,6.13,0.0
728,neuquen,AR,1562360233.0,-38.95,-68.06,51.8,51.8,53.0,5.82,0.0
729,prince rupert,CA,1562360233.0,54.32,-130.32,75.2,75.2,53.0,5.82,1.0
730,chilakalurupet,IN,1562360233.0,16.09,80.17,85.01,85.01,58.0,13.98,100.0
731,labuhan,ID,1562360234.0,-2.54,115.51,70.97,70.97,87.0,1.19,0.0
732,lipari,IT,1562360234.0,38.47,14.95,80.6,77.0,83.0,4.7,5.0
733,yerofey pavlovich,RU,1562360235.0,53.97,121.97,54.59,54.59,73.0,2.91,0.0
734,kendari,ID,1562360235.0,-3.99,122.52,67.73,67.73,96.0,2.17,14.0
735,ambovombe,MG,1562360239.0,-25.18,46.09,72.59,72.59,75.0,5.32,0.0
736,nago,IT,1562360239.0,45.88,10.89,84.2,57.99,61.0,1.12,0.0
737,cockburn town,TC,1562360240.0,21.46,-71.14,89.6,89.6,62.0,20.8,20.0
738,taoudenni,ML,1562360240.0,22.68,-3.98,100.67,100.67,8.0,3.65,34.0
739,la primavera,AR,1562360241.0,-32.92,-68.67,53.6,53.6,37.0,6.93,0.0
740,beisfjord,NO,1562360241.0,68.38,17.6,52.0,43.0,76.0,6.93,40.0
741,camara de lobos,PT,1562360242.0,32.63,-16.97,69.8,62.01,64.0,6.93,40.0
742,abha,SA,1562360245.0,18.22,42.5,77.0,73.4,53.0,3.6,0.0
743,veraval,FR,1562360246.0,49.65,0.71,66.2,63.0,63.0,3.36,0.0
744,omachi,JP,1562360246.0,36.5,137.85,73.0,66.99,43.0,4.38,100.0
745,buariki,,,,,,,,,
746,halifax,CA,1562360195.0,44.65,-63.58,93.0,86.0,45.0,5.82,90.0
747,rexburg,US,1562360247.0,43.82,-111.79,77.0,68.0,33.0,8.05,1.0
748,zharkent,KZ,1562360248.0,44.17,80.0,51.71,51.71,66.0,3.56,0.0
749,kurmanayevka,RU,1562360248.0,52.51,52.07,53.15,53.15,81.0,5.93,0.0
750,terrace,CA,1562360087.0,54.52,-128.61,77.0,77.0,38.0,12.75,75.0
751,chapada dos guimaraes,BR,1562360249.0,-15.46,-55.75,69.8,69.8,77.0,10.29,75.0
752,pauini,BR,1562360249.0,-7.71,-67.0,89.69,89.69,52.0,3.18,13.0
753,tezu,IN,1562360250.0,27.93,96.16,73.67,73.67,93.0,4.03,100.0
754,iwanai,JP,1562360250.0,42.97,140.51,59.63,59.63,94.0,4.12,52.0
755,bad durkheim,DE,1562360251.0,49.47,8.17,77.0,68.0,41.0,4.7,0.0
756,jingdezhen,CN,1562360252.0,29.29,117.2,72.77,72.77,99.0,2.82,86.0
757,ondjiva,AO,1562360252.0,-17.07,15.73,58.73,58.73,26.0,5.23,0.0
758,puerto carreno,CO,1562360252.0,6.19,-67.49,89.6,89.6,62.0,3.36,40.0
759,prabumulih,ID,1562360253.0,-3.5,104.19,72.41,72.41,99.0,2.64,93.0
760,hervey bay,AU,1562360253.0,-25.3,152.85,66.0,64.4,82.0,13.87,90.0
761,marsa matruh,EG,1562360254.0,31.35,27.25,78.8,78.8,88.0,8.05,0.0
762,matveyevka,RU,1562360254.0,54.92,83.08,60.8,60.8,87.0,11.18,0.0
763,puro,PH,1562360255.0,13.13,123.76,78.35,78.35,83.0,1.43,100.0
764,carora,VE,1562360255.0,10.17,-70.08,84.29,84.29,63.0,5.88,89.0
765,kemijarvi,,,,,,,,,
766,kulhudhuffushi,MV,1562360256.0,6.62,73.07,83.75,83.75,76.0,12.75,100.0
767,alotau,,,,,,,,,
768,inirida,CO,1562360257.0,3.87,-67.92,81.95,81.95,84.0,4.0,68.0
769,nanlong,CN,1562360258.0,31.35,106.05,70.07,70.07,89.0,3.31,86.0
770,dauphin,CA,1562360258.0,51.15,-100.04,69.8,69.8,46.0,4.7,20.0
771,kaduna,NG,1562360259.0,10.52,7.44,72.77,72.77,93.0,4.79,100.0
772,valparaiso,US,1562360090.0,41.47,-87.06,93.99,86.0,25.0,6.93,40.0
773,puerto penasco,MX,1562360260.0,31.32,-113.53,84.0,84.0,77.0,14.0,0.0
774,samalaeulu,,,,,,,,,
775,champerico,MX,1562360261.0,16.38,-93.6,93.2,93.2,38.0,6.93,40.0
776,nyurba,RU,1562360261.0,63.29,118.35,48.65,48.65,88.0,7.16,0.0
777,vilhena,BR,1562360262.0,-12.74,-60.15,75.2,75.2,73.0,11.41,20.0
778,yablonovo,RU,1562360263.0,50.85,37.36,62.6,62.6,51.0,6.71,0.0
779,akyab,,,,,,,,,
780,pilar,AR,1562359993.0,-34.46,-58.91,48.2,46.0,74.0,11.41,0.0
781,namibe,AO,1562360269.0,-15.19,12.15,69.53,69.53,78.0,2.46,40.0
782,casablanca,MA,1562360270.0,33.6,-7.62,69.8,68.0,88.0,11.41,40.0
783,mwinilunga,ZM,1562360271.0,-11.73,24.43,56.39,56.39,54.0,3.8,0.0
784,glubokoe,,,,,,,,,
785,hwange,ZW,1562360276.0,-18.35,26.5,58.01,58.01,32.0,5.41,0.0
786,san isidro,CR,1562360276.0,10.02,-84.06,82.4,75.0,61.0,17.22,40.0
787,sale,AU,1562360277.0,-38.11,147.06,33.01,30.99,95.0,1.12,0.0
788,bougouni,ML,1562360277.0,11.42,-7.49,77.45,77.45,81.0,4.16,63.0
789,vostok,RU,1562360278.0,46.45,135.83,60.17,60.17,84.0,2.91,71.0
790,canaries,,,,,,,,,
791,bundaberg,AU,1562360279.0,-24.87,152.35,66.0,64.4,82.0,13.87,90.0
792,sahrak,,,,,,,,,
793,huallanca,PE,1562360280.0,-9.9,-76.94,47.57,47.57,41.0,13.91,0.0
794,vao,EE,1562360280.0,59.1,26.19,45.95,45.95,95.0,1.52,30.0
795,nichinan,JP,1562360281.0,31.65,131.31,73.0,69.8,94.0,1.12,75.0
796,dongsheng,CN,1562360281.0,29.72,112.52,73.49,73.49,96.0,7.67,0.0
797,safaga,,,,,,,,,
798,amapa,HN,1562360282.0,15.09,-87.97,95.0,95.0,47.0,16.11,20.0
799,solnechnyy,RU,1562360283.0,50.72,136.64,59.99,59.99,87.0,3.09,100.0
800,omsukchan,RU,1562360284.0,62.53,155.8,56.57,56.57,65.0,5.5,22.0
801,nowe miasto lubawskie,PL,1562360284.0,53.43,19.59,55.99,55.0,53.0,7.76,0.0
802,trat,TH,1562360285.0,12.25,102.51,84.0,79.0,80.0,0.69,67.0
803,lovozero,RU,1562360285.0,68.01,35.02,50.99,50.99,97.0,4.63,100.0
804,north bend,US,1562360285.0,43.41,-124.22,64.99,62.6,77.0,10.29,90.0
805,bilibino,RU,1562360286.0,68.06,166.44,67.73,67.73,40.0,13.31,0.0
806,athens,GR,1562360107.0,37.98,23.73,82.99,75.2,69.0,3.36,20.0
807,mouzakion,,,,,,,,,
808,russell,US,1562360287.0,38.9,-98.86,89.01,84.2,58.0,19.46,1.0
809,awbari,LY,1562360288.0,26.59,12.77,90.59,90.59,15.0,10.2,0.0
810,macusani,PE,1562360297.0,-14.07,-70.43,41.81,41.81,66.0,8.52,0.0
811,narrabri,AU,1562360298.0,-30.33,149.78,50.0,48.2,76.0,11.41,0.0
812,barahona,DO,1562360298.0,18.21,-71.1,88.61,88.61,46.0,16.11,0.0
813,bhag,PK,1562360299.0,29.04,67.82,101.21,101.21,34.0,8.43,0.0
814,de aar,ZA,1562360299.0,-30.65,24.01,44.33,44.33,65.0,2.91,0.0
815,broken hill,AU,1562360300.0,-31.97,141.45,51.8,51.8,71.0,16.11,0.0
816,guinguineo,SN,1562360300.0,14.27,-15.95,81.23,81.23,54.0,12.44,100.0
817,bertoua,CM,1562360301.0,4.58,13.68,68.99,68.99,94.0,2.8,100.0
818,saint-louis,SN,1562360301.0,16.03,-16.5,78.8,78.8,78.0,2.24,0.0
819,te anau,NZ,1562360302.0,-45.41,167.72,42.35,42.35,85.0,2.73,100.0
820,casambalangan,PH,1562360302.0,18.38,122.13,81.59,81.59,83.0,10.78,72.0
821,sapa,PH,1562360303.0,14.32,120.76,84.99,81.0,56.0,4.0,32.0
822,manadhoo,MV,1562360306.0,5.77,73.38,83.57,83.57,77.0,11.86,92.0
823,pitimbu,BR,1562360307.0,-7.47,-34.81,80.6,80.6,74.0,9.17,40.0
824,katiola,CI,1562360307.0,8.14,-5.1,75.2,75.2,94.0,4.7,20.0
825,praia da vitoria,PT,1562360268.0,38.73,-27.07,71.6,68.0,68.0,3.94,20.0
826,haicheng,CN,1562360308.0,40.85,122.74,68.63,68.63,82.0,6.85,100.0
827,northam,AU,1562360308.0,-31.65,116.67,42.8,42.8,93.0,2.68,40.0
828,balakhta,RU,1562360309.0,55.38,91.62,56.39,56.39,94.0,4.94,33.0
829,truth or consequences,US,1562360127.0,33.13,-107.25,93.99,91.0,9.0,21.47,1.0
830,troitskoye,RU,1562360310.0,52.98,84.68,57.83,57.83,95.0,4.14,20.0
831,okha,RU,1562360310.0,53.59,142.95,52.79,52.79,90.0,17.25,100.0
832,vodnyy,RU,1562360311.0,63.51,53.41,51.35,51.35,91.0,4.0,67.0
833,moose factory,CA,1562360311.0,51.26,-80.61,78.8,78.8,69.0,6.93,20.0
834,baculin,PH,1562360312.0,7.45,126.58,71.87,71.87,90.0,3.51,100.0
835,tateyama,JP,1562360312.0,36.66,137.31,73.0,71.01,86.0,10.87,100.0
836,shubarshi,KZ,1562360187.0,48.59,57.19,70.79,70.79,64.0,8.21,63.0
837,camargo,MX,1562360313.0,27.69,-105.17,90.77,90.77,26.0,3.49,88.0
838,erdaojiang,CN,1562360313.0,41.78,126.03,61.07,61.07,89.0,3.15,13.0
839,quatre cocos,MU,1562360314.0,-20.21,57.76,71.6,66.99,68.0,6.93,40.0
840,garowe,SO,1562360314.0,8.41,48.48,83.21,83.21,45.0,26.46,65.0
841,miandrivazo,MG,1562360315.0,-19.53,45.46,67.73,67.73,87.0,2.28,0.0
842,yakeshi,CN,1562360316.0,49.28,120.73,48.83,48.83,91.0,10.85,100.0
843,kailua,US,1562360316.0,21.39,-157.74,84.99,81.0,66.0,8.05,40.0
844,coos bay,US,1562360100.0,43.37,-124.22,66.0,62.6,77.0,10.29,90.0
845,henties bay,NA,1562360317.0,-22.12,14.28,55.0,55.0,89.0,11.41,0.0
846,kankan,GN,1562360317.0,10.38,-9.3,74.21,74.21,91.0,4.36,66.0
847,irbil,,,,,,,,,
848,maine-soroa,NE,1562360319.0,13.21,12.02,90.59,90.59,42.0,11.7,38.0
849,georgiyevka,RU,1562360319.0,52.25,40.45,56.03,56.03,79.0,8.34,100.0
850,san matias,BO,1562360319.0,-16.36,-58.4,63.59,63.59,45.0,11.39,75.0
851,makasar,ID,1562360277.0,-6.28,106.88,81.0,73.99,83.0,3.36,20.0
852,springbok,ZA,1562360320.0,-29.67,17.88,52.07,52.07,88.0,2.89,0.0
